Join_Count,TARGET_FID,ZONING,GPIN_ini,MZONE_ini,MLUSE_ini,MCLASS_ini,MTOTPR_ini,MTUTIL_ini,MBASA_ini,MTOTA_ini,MASSLU_ini,MAP_PIN_fnl,GPIN_fnl,Zoning_fnl,MZONE_fnl,MLUSE_fnl,MCLASS_fnl,MTOTPR_fnl,MTUTIL_fnl,MBASA_fnl,MTOTA_fnl,MASSLU_fnl,Area_acre,Change
4,0,R-C,6751-19-7457,,,,0,0,0,0,0,UNKNOWN_2,6771-30-1010,A-10,,,,0,0,0,0,0,52.8689,No
3,1,A-1,6746-94-5864,,72,,8930900,0,0,0,0,1-Jan,6757-00-0099,A-10,,72,C,10500100,11000,0,1272,0,2079.68,No
2,70,A-1,6703-56-6789,,2,,134500,0,0,0,0,12-27E,6703-57-7803,A-10,,2,C,412100,11000,2304,3456,0,20.4209,No
2,84,A-1,6704-90-3397,,2,C,203000,8000,841,1682,0,Dec-33,6704-90-3397,A-10,,2,,104000,6000,0,0,0,12.5153,No
2,95,A-1,6704-93-3521,,2,D,125800,8000,1139.5,1386,0,Dec-40,6704-93-3521,A-10,,2,D,133700,11000,1139.5,1386,0,13.081,No
2,112,A-1,6704-88-5449,,6,C,821900,8000,976,1696,98775,Dec-44,6704-89-7346,A-10,,6,,690600,0,0,0,55325,124.163,No
3,116,A-1,6704-87-9108,,5,C,546600,8000,1335,2032,78600,12-44D,6704-86-8948,A-10,,5,,416400,0,0,0,33925,78.6116,No
2,118,A-1,6705-81-5077,,5,C,507700,8000,2560,2560,73350,12-45A,6705-81-5077,A-10,,5,C,440000,11000,2560,2560,65050,66.6324,No
4,141,A-1,6713-18-6966,,6,C,3622700,48000,1348,2504,558500,12-3B1,6714-43-6382,A-10,,2,,48400,0,0,0,7300,734.31,Yes
2,151,A-1,6713-09-7063,,2,,75700,0,0,0,0,12-60C,6713-09-7063,A-10,,2,,73000,0,0,0,0,5.11415,No
2,158,A-1,6703-98-5091,,5,A,772500,8000,2728.5,3453.5,0,Dec-62,6703-98-5091,A-10,,5,A,991500,11000,2728.5,3453.5,0,47.5935,No
2,173,A-1,6713-28-3468,,2,C,264200,8000,1791,1791,0,12-72C,6713-28-2688,A-10,,2,C,284300,11000,1791,1791,0,6.53857,No
3,193,A-1,6704-33-8509,,2,,150000,0,0,0,0,11-2A,6704-21-9887,A-10,,5,C,539800,11000,1536,3744,76300,147.671,Yes
2,242,A-1,6714-74-7270,,5,C,490700,8000,1352,2528,70050,13-1F,6714-74-7270,A-10,,5,C,490900,11000,1352,2540,71125,36.6248,No
2,243,A-1,6714-75-2345,,2,C,263800,8000,1152,2144,0,13-1G,6714-75-2345,A-10,,2,C,295600,11000,1024,2016,0,9.72877,No
2,244,A-1,6714-75-8157,,2,C,231900,8000,1332,1332,0,13-1G1,6714-75-8157,A-10,,2,C,242100,11000,1332,1332,0,13.0665,No
3,253,A-1,6714-62-7647,,5,B,513700,8000,2658,2658,56300,13-3B,6714-63-3008,A-10,,2,B,551700,11000,1608,3868,50300,29.8004,Yes
2,298,R-U,6733-56-6898,,5,,158400,0,0,0,0,14-1-22A,6733-56-0734,R-U,,2,C,255800,11000,1711,1711,0,24.2288,Yes
2,300,R-U,6733-46-3908,,2,,60400,0,0,0,0,14-1-24A,6733-46-1938,R-U,,2,C,190700,11000,1296,1296,0,5.32753,No
4,325,R-5,6735-70-9792,,6,,838100,0,0,0,84200,14-105,6735-70-7691,RR-5,,6,,658600,0,0,0,47800,209.631,No
2,331,A-1,6724-93-6125,,5,C,324900,8000,1435,2078.8,63925,14-12,6724-93-3586,A-10,,2,C,168000,11000,1435,2078.8,0,50.0887,Yes
3,375,A-1,6733-09-3611,,2,,49000,0,0,0,0,14-25C,6733-09-1689,A-10,,2,,41000,0,0,0,0,9.60549,No
2,381,A-1,6733-38-5545,,2,C,143100,8000,1027.5,1731.5,0,14-3-1,6733-38-7326,A-10,,2,C,207700,11000,1384,1384,0,9.53765,No
3,408,A-1,6734-11-4914,,2,D,93100,8000,972,1164,0,14-34,6734-22-0043,A-10,,2,D,123200,11000,972,1164,0,16.7327,No
2,412,A-1,6734-02-8097,,2,,81800,0,0,0,7800,14-10,6734-02-5321,A-10,,2,,16000,0,0,0,0,13.8692,No
2,486,A-1,6733-28-4020,,2,,63000,0,0,0,0,14-55B,6733-27-3938,A-10,,2,C,177400,11000,1170,1170,0,5.60829,No
2,572,A-1,6733-68-1124,,5,C,247500,8000,1106.3,1106.3,0,14-92,6733-78-0557,A-10,,5,,134900,0,0,0,0,22.6915,No
2,576,A-1,6733-67-1691,,2,,37000,0,0,0,0,14-92D,6733-67-1430,A-10,,2,C,168300,11000,1848,1848,0,2.58955,No
2,591,A-1,6743-26-2825,,2,C,207400,8000,1809,1809,0,15-1-1,6743-26-6641,A-10,,2,C,158800,11000,1809,1809,0,10.9856,No
2,656,R-U,6743-28-0214,,2,,63500,0,0,0,0,15-2-1A,6743-28-0214,R-U,,2,C,225000,11000,1560,1574,0,4.75802,No
3,680,A-1,6754-05-0277,,6,E,1171400,8000,826,826,222325,15-24,6754-05-0277,A-10,,6,E,248500,11000,826,826,0,354.399,No
4,681,A-1,6754-13-5435,,5,,328400,0,0,0,29600,15-24A-2,6754-13-1444,A-10,,2,,112500,0,0,0,0,62.4833,Yes
5,688,A-1,6744-57-5833,,5,C,295400,8000,1312,1952,56000,15-26,6744-57-9548,A-10,,2,C,160600,11000,1312,1952,0,42.1883,Yes
4,774,I-1,6754-12-0660,I1,4,D,676400,0,0,2400,0,15-49F,6754-02-8356,I-1,I1,4,B,126400,0,0,2400,0,4.46381,No
2,799,A-1,6754-19-1903,,2,,128100,0,0,0,0,15-56A,6754-09-9864,A-10,,2,B,371300,11000,1877,2130.5,0,17.9328,No
2,872,A-1,6744-10-0221,,5,,73700,0,0,0,16575,15-9,6744-10-0221,A-10,,5,,60700,0,0,0,13650,36.8319,No
2,939,A-1,6755-21-0983,,2,B,505500,8000,2247,4093.4,0,15-59C,6755-11-6381,A-10,,2,C,126100,11000,1208,1208,0,11.3447,No
2,1042,A-1,6755-70-0359,,2,C,212000,8000,907.9,1294.5,0,16-35A,6755-60-9113,A-10,,2,C,232800,11000,907.9,1154.4,0,7.46692,No
3,1043,A-1,6754-69-2726,,2,C,196200,8000,1316,2632,0,16-35B,6754-69-2726,A-10,,2,C,204600,11000,1316,2632,0,15.4946,No
2,1045,A-1,6754-79-3426,,2,C,325700,8000,1539,2574.3,0,16-35D,6754-79-1275,A-10,,2,B,387900,11000,1539,2574.3,0,7.99038,No
10,1046,R-5,6755-81-1383,,5,,389900,0,0,0,0,16C-2-24,6755-92-0193,RR-5,,2,B,602500,11000,1821.5,4140,0,48.1584,Yes
17,1047,R-5,6755-80-6566,R-5,5,,396000,0,0,0,0,16-35G,6755-91-4696,RR-5,,79,,36400,0,0,0,0,67.613,Yes
13,1048,R-5,6754-89-5223,R-5,5,,396000,0,0,0,0,16-35I,6754-99-0152,RR-5,R-5,79,,14100,0,0,0,0,69.9323,Yes
2,1055,A-1,6754-68-1600,,2,C,165800,8000,1102,1102,0,16-38A,6754-58-9527,A-10,,2,C,159000,11000,1102,1102,0,4.36054,No
41,1085,R-5,6753-47-2168,,6,,1253800,0,0,0,0,16A-4-1,6753-46-1718,RR-5,,2,,120400,0,0,0,0,137.109,Yes
18,1097,R-5,6764-23-3299,,5,,913800,0,0,0,0,16D-3-1,6764-25-8513,RR-5,,2,B,494100,11000,1513,2269.5,0,113.24,Yes
2,1103,A-1,6754-92-8932,,5,,116700,0,0,0,9550,16-66C,6764-02-0274,A-10,,2,,82600,11000,0,0,0,23.2031,Yes
3,1116,A-1,6754-29-6918,,2,,36200,0,0,0,0,16-7,6755-20-8170,A-10,,2,,18200,0,0,0,0,9.14694,No
16,1117,R-5,6764-19-1637,,5,,303900,0,0,0,0,16-70,6765-11-2859,RR-5,,79,,15900,0,0,0,0,56.7056,Yes
2,1414,A-1,6764-77-1030,,2,C,297300,8000,1984,1984,0,17-18B,6764-77-1030,A-10,,2,,143500,0,0,0,0,17.5873,No
2,1428,A-1,6764-56-9445,,2,A,433200,8000,1026,2995.2,0,17-2-9,6764-56-9445,A-10,,2,A,558600,11000,1026,3283.2,0,10.5118,No
2,1430,AFD,6764-64-2366,,5,,188000,0,0,0,0,17-2-B,6764-64-2366,A-10,,5,,204600,0,0,0,0,31.1691,No
4,1443,A-1,6765-40-5450,,2,,165000,0,0,0,9900,16-73A,6765-31-7079,A-10,,2,,108300,0,0,0,0,39.8144,No
2,1468,A-1,6774-23-5739,,2,C,147000,8000,1020,1377,0,17-41,6774-23-4529,A-10,,2,,57500,0,0,0,0,5.29781,No
2,1513,AFD,6764-47-5948,,5,,172200,0,0,0,10000,17-6,6764-48-8401,A-10,,2,,120100,0,0,0,0,20.9443,Yes
2,1514,R-5,6774-89-0841,,5,,207600,0,0,0,0,17C-5-14,6774-79-9556,RR-5,,2,,252000,0,0,0,0,41.5878,Yes
5,1534,A-1,6774-45-0262,,2,C,362800,16000,1904,1904,0,17-63D-A,6774-45-4332,A-10,,2,C,239500,11000,1904,1904,0,17.607,No
2,1747,A-1,6774-77-0673,,5,C,459900,8000,1316,1316,106400,17-63J,6774-66-0080,A-10,,,,0,0,0,0,0,47.3143,Yes
29,1758,R-5,6773-26-5941,,6,,3770100,0,0,0,0,17-11,6773-07-5487,RR-5,,5,,147500,0,0,0,0,519.09,Yes
4,1914,R-R,6784-51-9956,,2,B,715300,8000,1940,3586,0,18-55,6784-62-5426,R-R,,2,B,437600,11000,2000,2875,80600,59.7119,No
2,2118,R-R,6794-23-5248,,2,B,407900,8000,2178.6,3909.4,0,19-35B,6794-22-6645,R-R,,2,D,141700,11000,896,896,0,8.31618,No
2,2121,R-R,6794-25-3735,,6,C,1388400,16000,896,1792,239800,19-39,6794-16-5131,R-R,,6,C,1024300,11000,896,1792,192200,199.022,No
2,2151,R-R,6794-35-4404,,2,C,289400,8000,2184,2424,63300,19-45E,6794-35-7831,R-R,,2,C,352600,11000,2184,2504,0,15.2977,No
2,2182,A-1,6794-50-9178,,2,C,154000,8000,1404,1404,0,19-48A,6794-60-1179,A-10,,2,C,184600,11000,1404,1404,0,7.31169,No
2,2210,A-1,6793-96-8696,,5,,496000,8000,0,0,36225,19-61,6793-96-8696,A-10,,5,,490300,11000,0,0,19075,82.7818,No
2,2237,R-2,6793-57-9146,,2,A,500700,8000,2302,4316,0,19B-1-13,6793-57-9146,R-2,,2,A,642900,11000,2302,4316,0,8.74723,No
3,2467,A-1,7703-06-4998,,5,B,512000,8000,1120,1904,77150,20-1,7703-07-3295,A-10,,2,C,367900,11000,1056,1056,88200,21.7062,Yes
2,2482,A-1,5792-63-9326,,2,,63000,0,0,0,0,22-1-11,5792-73-0358,A-10,,2,,68000,0,0,0,0,7.6407,No
2,2483,A-1,5792-63-6229,,2,,63000,0,0,0,0,22-1-13A,5792-63-6246,A-10,,2,C,214400,11000,1464,1464,0,7.45192,No
2,2484,A-1,5792-63-3211,,2,,63000,0,0,0,0,22-1-14A,5792-63-4213,A-10,,2,,44300,0,0,0,0,8.15438,No
2,2492,A-1,5792-84-0827,,2,,56100,0,0,0,0,22-1-21,5792-84-2916,A-10,,2,,61100,0,0,0,0,2.81464,No
2,2497,A-1,5792-85-0655,,2,C,292900,8000,2453.8,2453.8,0,22-1-23,5792-85-3632,A-10,,2,C,324100,11000,2453.8,2453.8,0,15.1132,No
2,2498,A-1,5792-75-7844,,2,,54200,0,0,0,0,22-1-25A,5792-75-4419,A-10,,2,C,245000,11000,1402.5,2103.8,0,9.99809,No
2,2504,A-1,5792-74-3383,,2,C,157100,8000,1396.5,1396.5,0,22-1-28A,5792-74-2391,A-10,,2,C,185000,11000,851,1299.8,0,6.12964,No
2,2505,A-1,5792-74-3523,,2,C,162100,8000,1392,1392,0,22-1-29,5792-74-3523,A-10,,2,C,163200,11000,1392,1392,0,6.30172,No
2,2509,A-1,5792-74-0737,,2,C,147300,8000,1716,1716,0,22-1-30A,5792-74-1760,A-10,,2,C,204100,11000,1716,1716,0,7.20309,No
2,2529,A-1,6702-14-5220,,6,C,683300,8000,1266,2112,97075,22-13,6702-14-5220,A-10,,6,C,682500,11000,1266,2112,105050,186.43,No
2,2544,A-1,6702-34-4825,,2,,45000,0,0,0,0,22-14D,6702-34-3830,A-10,,2,,50600,0,0,0,0,4.22072,No
2,2552,A-1,6702-23-5819,,2,,91200,0,0,0,0,22-18C,6702-23-3853,A-10,,2,,74100,0,0,0,0,10.968,No
3,2557,A-1,6702-11-0432,,5,,581100,0,0,0,55725,22-19,6702-02-4079,A-10,,5,,552900,0,0,0,56900,45.5444,No
2,2635,A-1,6702-34-8901,,2,,46700,0,0,0,0,23-14D,6702-34-7703,A-10,,2,C,257100,11000,1526,1626,0,5.80314,No
2,2643,A-1,6702-55-1026,,2,,64900,0,0,0,0,23-16G,6702-55-2066,A-10,,2,C,272700,11000,1948,1948,0,6.32944,No
3,2644,A-1,6702-93-2875,,5,C,879800,16000,1400,1400,154400,23-17,6702-84-1776,A-10,,5,,320000,0,0,0,34800,164.635,No
2,2733,A-1,6713-24-1917,,5,,208400,0,0,0,16050,23-35,6713-24-1886,A-10,,5,B,617200,11000,2997,3341.5,72400,16.9221,No
4,2739,A-1,6712-08-4352,,6,B,703100,8000,1159,1918,92600,23-42A,6712-07-7530,A-10,,2,B,500800,11000,1159,2062,97350,96.9773,Yes
3,2852,A-1,6712-72-5329,,5,,155200,0,0,0,0,24-14,6712-72-5329,A-10,,2,,127500,0,0,0,0,24.2754,Yes
2,2866,A-1,6712-92-2562,,2,,60000,0,0,0,0,24-19,6712-92-2191,A-10,,2,,60000,0,0,0,0,17.6779,No
2,2925,A-1,6722-26-1342,,6,,3228200,0,0,0,242100,24-44,6722-26-1342,A-10,,6,,3228200,0,0,0,242100,539.207,No
3,2929,A-1,6722-12-7908,,5,,172200,0,0,0,0,24-45,6712-92-9787,A-10,,2,,109000,0,0,0,0,39.2759,Yes
2,2985,A-1,6732-76-0801,,72,,1240000,0,0,0,0,25-15,6732-76-0801,A-10,,72,,1240000,0,0,0,0,342.318,No
4,3028,A-1,6733-06-8187,,2,,30000,0,0,0,0,25-2B,6733-06-9583,A-10,,2,,35000,0,0,0,0,4.26041,No
2,3034,A-1,6733-06-6164,,2,C,183800,16000,1318,1735.6,0,25-2A,6733-06-7221,A-10,,2,C,167000,11000,1128,1128,0,2.26631,No
3,3097,A-1,6733-63-0966,,5,,286100,0,0,0,31850,25-49,6733-64-3116,A-10,,5,,231400,0,0,0,31850,48.1892,No
3,3106,A-1,6733-84-2274,,2,,67500,0,0,0,0,25-50,6733-73-5568,A-10,,2,,60000,0,0,0,6750,117.659,No
2,3134,A-1,6732-79-6745,,2,B,341600,8000,988,2702,0,25-58D,6732-79-6745,A-10,,2,B,391300,11000,988,2702,0,11.9153,No
5,3161,A-1,6732-96-5330,,5,,161200,0,0,0,0,25-72A,6732-96-7671,A-10,,2,B,387700,11000,2189,3059.2,0,22.9838,Yes
2,3170,A-1,6732-72-9736,,72,,275700,0,0,0,0,25-72J,6732-84-8436,A-10,,2,C,186700,11000,988,1482,0,99.8927,Yes
2,3173,A-1,6732-82-8898,,5,B,655700,8000,2472,4497.6,62300,25-74B,6732-82-8898,A-10,,5,A,699400,11000,2472,4497.6,65350,52.7137,No
2,3213,A-1,6743-23-0022,,6,,491500,0,0,0,55100,26-1-1,6743-23-0022,A-10,,6,,483500,0,0,0,54200,102.728,No
2,3247,A-1,6752-25-3215,,6,,852000,0,0,0,95850,26-107,6752-25-3215,A-10,A-10,6,,1016600,0,0,0,97125,222.042,No
2,3252,A-1,6742-49-5363,,2,C,156400,8000,1040,1308,0,26-11A,6742-49-7370,A-10,,2,C,192300,11000,1040,1308,0,5.84303,No
2,3256,A-1,6742-95-4788,,2,C,200400,0,1456,1456,0,26-112,6742-95-2532,A-10,A-10,2,C,181200,11000,1456,1456,0,11.5514,No
2,3270,A-1,6742-49-5161,,2,C,161400,8000,1092,1092,0,26-12,6742-49-8110,A-10,,2,C,158800,11000,1092,1092,0,4.92878,No
2,3289,A-1,6742-47-5665,,2,,76500,0,0,0,0,26-20,6742-47-3649,A-10,,2,,54000,0,0,0,0,7.6946,No
2,3373,C,6742-45-5802,C,4,A,1717500,0,0,3256,0,26-8-1,6742-46-7065,C,C,4,A,2680900,0,0,6676,0,16.136,No
2,3443,A-1,6742-68-2367,,5,C,462600,8000,1706,1706,82650,26-77C,6742-58-3611,A-10,,2,C,232900,11000,1706,1706,0,48.1674,Yes
2,3468,A-1,6743-42-9421,,2,C,145000,8000,984,984,0,26-84,6743-42-9447,A-10,,2,C,163700,11000,984,984,0,2.22016,No
4,3489,A-1,6743-25-7153,,2,,58100,0,0,0,0,26-90F,6743-25-6002,A-10,,2,,63100,0,0,0,0,12.5902,No
3,3506,A-1,6743-43-9736,,2,C,408900,16000,1264,2264,105125,26-85,6743-43-7478,A-10,,2,B,412300,11000,2318,2318,0,23.4783,No
2,3641,R-C,6742-85-9013,RC,2,D,53000,0,896,896,0,26B1-1-15,6742-84-9905,A-10,A-10,2,D,63100,11000,912,912,0,1.08596,No
3,3658,R-C,6742-74-5687,RC,2,C,282700,0,1668,2470,0,26B1-1-9,6742-74-7507,A-10,A-10,2,C,84500,11000,992,1984,0,4.90033,No
2,3683,A-1,6742-93-6080,,76,B,2886000,0,0,8336,0,26B2-1-21,6742-93-6080,A-10,,76,B,2573600,0,0,8336,0,12.2581,No
3,3685,A-1,6742-93-2837,RC/A,78,B,346000,0,0,3828,0,26B2-1-24,6742-93-2837,VC,RC/A,78,B,1252700,0,0,3828,0,6.91345,No
2,3726,A-1,6742-92-9415,,2,C,269200,6000,1420,2392.4,0,26B2-2-2,6742-92-8571,A-10,,2,C,305300,9000,1420,2392.4,0,4.04387,No
5,3753,CHSC-1,6752-11-1620,C,2,C,113400,0,0,1665,0,26B2-3-1A,6752-11-2609,CHSC,C,4,C,220400,9000,1665,1725,0,0.717462,Yes
2,3757,CHSC-1,6752-11-5299,CHSC,74,A,3632600,0,0,14674,0,26B2-3-21,6752-11-5299,CHSC,CHSC,74,A,3496100,0,0,14674,0,2.57783,No
2,3779,C,6752-10-6498,C,4,B,238500,0,0,3276,0,26B3-1-15,6752-10-7630,VC-PD,,2,D,53100,0,780,780,0,1.18421,Yes
3,3780,A-1,6752-30-4345,RC/A,6,,1194600,0,0,0,98000,26B3-1-16,6752-30-7507,A-10,A-10,6,,760300,0,0,0,79800,214.213,No
3,3782,A-1,6752-10-9509,,2,C,62600,6000,960,960,0,26B4-1-10,6752-10-9610,VC-PD,,2,,85000,0,0,0,0,0.516978,No
13,3785,C,6752-20-1505,C,2,A,477700,6000,2200,3168,0,26B4-1-13,6752-10-9446,VC-PD,,2,B,496800,11500,1332,2797,0,7.45331,No
2,3787,C,6752-20-2228,C,2,,70500,0,0,0,0,26B3-1-16F,6752-20-3586,VC-PD,C,2,A,482100,9000,1760,3168,0,2.83857,No
5,3799,A-1,6751-38-9839,,5,,331700,0,0,0,0,26B3-1-25A,6751-38-6937,A-10,,2,,94200,0,0,0,0,42.2368,Yes
2,3826,A-1,6742-44-8856,,2,,35000,0,0,0,0,26C-1-7C1,6742-44-9810,A-10,,2,,40000,0,0,0,0,1.42439,No
2,3827,A-1,6742-44-7603,,72,,45500,8000,0,0,0,26C-1-7C3,6742-44-6529,A-10,,2,,40000,0,0,0,0,1.26736,Yes
8,3843,R-C,6752-43-4854,RC,5,D,815000,0,0,1328.5,0,27C-3-2,6752-33-9462,RR-5,RR-5,2,D,88100,11000,0,1328.5,0,20.6869,Yes
4,3844,R-C,6752-42-6930,RC,2,,692800,0,0,0,0,27C-3-1,6752-33-9177,RR-5,RR-5,2,,81500,0,0,0,0,12.8667,No
7,3850,R-C,6752-43-9604,RC,2,,361000,0,0,0,0,27C-4-10,6752-43-7402,RR-5,RR-5,2,B,603500,11000,1799,4084,0,16.1126,No
2,3851,A-1,6752-52-6798,RC,5,C,423800,0,1852,1852,0,27-13,6752-52-0799,A-10,A-10,79,,9100,0,0,0,0,23.0118,Yes
2,3863,A-1,6752-82-6684,,5,B,578800,16000,2452,3860,186300,27-22,6752-82-9734,A-10,,5,B,573300,11000,2243.5,2243.5,84000,27.7884,No
2,3888,A-1,6762-04-6206,,2,C,245500,8000,1226,2084.2,0,27-26J,6762-04-6230,A-10,,2,C,243000,11000,1226,2084.2,0,3.80546,No
2,3924,A-1,6763-21-9630,,5,,182900,0,0,0,0,27-31C,6763-21-9630,A-10,,5,,182900,0,0,0,0,36.7683,No
2,3925,A-1,6763-13-7040,,2,C,202200,8000,1482,1482,0,27-31D,6763-13-6068,A-10,,2,C,217400,11000,1482,1482,0,12.4037,No
4,3935,A-1,6763-32-9434,,2,,69100,0,0,0,0,27-34,6763-32-8752,A-10,,2,D,143300,11000,1447,1447,0,8.50166,No
2,3960,A-1,6762-28-8497,,5,,177800,0,0,0,0,27-41,6762-28-9242,A-10,,5,,197500,0,0,0,0,10.3731,No
2,3983,A-1,6762-12-7886,,2,C,321500,8000,1716,2334,0,27-46E,6762-12-6824,A-10,,2,B,346400,11000,1716,2334,0,10.572,No
2,3996,R-C,6752-23-9723,RC,2,C,179800,0,1526,1526,0,27-8A,6752-23-9723,A-10,A-10,2,C,131200,11000,1526,1526,0,6.00545,No
2,4208,R-5,6752-58-7661,,2,,148800,0,0,0,0,27C-2-33,6752-58-6787,RR-5,,5,,79700,0,0,0,0,15.7047,Yes
3,4217,A-1,6763-54-2075,,5,B,671500,8000,2578,3918,0,28-1,6763-53-1841,A-10,,5,A,706400,11000,2578,3918,0,27.0583,No
2,4222,A-1,6763-44-0341,,5,A,849600,8000,3216,4519.7,146950,28-1-2,6763-44-2432,A-10,,5,A,886200,11000,3216,4519.7,225150,41.3608,No
3,4301,A-1,6773-40-9884,,2,,75600,0,0,0,0,28-3-3,6773-40-9901,A-10,,2,C,203700,11000,1248,1260,0,5.01168,No
2,4307,A-1,6773-61-2046,,2,C,270500,8000,1189,2321.3,0,28-31A,6773-61-2046,A-10,,2,C,315900,11000,1189,2321.3,0,5.85018,No
2,4332,A-1,6763-42-5239,,2,C,231400,8000,1124,2226,0,28-3C,6763-42-3355,A-10,,2,,83000,0,0,0,0,8.9721,No
2,4364,A-1,6772-24-8716,,2,C,235700,8000,1587,1587,0,28-46B,6772-24-8716,A-10,,2,C,291700,11000,1587,1587,0,6.20951,No
3,4378,A-1,6772-56-8660,,5,,175500,8000,0,0,15050,28-47A,6772-56-8660,A-10,,2,,132400,0,0,0,12200,20.4529,Yes
2,4419,A-1,6772-23-7252,,2,,65600,0,0,0,0,28-53,6772-23-6296,A-10,,2,C,172300,11000,1296,1296,0,5.53356,No
2,4425,A-1,6772-22-7262,,5,C,352800,8000,1195.5,1773,69025,28-55,6772-22-7262,A-10,,5,,248800,0,0,0,15500,44.0301,No
2,4437,A-1,6763-62-9515,,2,,108000,0,0,0,0,28-4A,6763-72-1602,A-10,,2,,83000,0,0,0,0,10.0223,No
2,4685,R-U,6772-04-8389,,2,C,187600,8000,1144,1144,0,28A3-1-2,6772-04-8389,R-U,,2,C,205900,11000,1144,1144,0,8.62951,No
2,4852,R-U,6772-00-8307,,2,C,129400,8000,1080,1080,0,28A4-1-E-2-3A,6772-00-8205,R-U,,2,C,140100,11000,1080,1080,0,3.14299,No
2,5306,A-1,6782-06-7124,,2,,245100,8000,0,0,0,29-10B,6782-06-9035,A-10,,2,,268700,11000,0,0,0,15.3742,No
3,5310,A-1,6782-04-6787,,6,B,796100,8000,1712,2661.2,99100,29-10F,6782-14-1707,A-10,,5,,482400,11000,0,0,0,104.405,Yes
2,5327,A-1,6772-92-4832,,5,B,543800,8000,2387,2387,0,29-15,6772-92-4832,A-10,,5,C,575100,11000,2387,2387,0,29.2801,No
2,5361,A-1,6782-56-6644,,2,B,464000,8000,1870,2661,62650,29-18F1,6782-56-6644,A-10,,2,B,1024600,11000,1870,2661,70650,10.7671,No
2,5370,A-1,6773-86-2234,,6,B,769200,8000,1689,2449,97650,29-2,6773-86-2234,A-10,,5,B,736500,11000,1689,2449,105100,103.364,Yes
2,5380,A-1,6782-28-8242,,2,,85000,0,0,0,0,29-22A,6782-28-8358,A-10,,2,,75500,0,0,0,0,5.32659,No
2,5431,A-1,6782-79-6593,,2,C,88900,8000,792,792,0,29-36A,6782-79-6366,A-10,,2,,2000,0,0,0,0,2.17938,No
2,5436,A-1,6782-69-0035,,2,C,388000,8000,600,1786,0,29-37B,6782-68-0920,A-10,,2,C,236000,11000,600,1811,0,4.15601,No
2,5461,A-1,6782-66-3489,,2,,78400,0,0,0,0,29-38E,6782-66-6508,A-10,,2,,63400,0,0,0,0,4.73402,No
3,5471,A-1,6782-63-1094,,5,C,453000,8000,1400,1400,81600,29-39,6782-62-3926,A-10,,2,C,198400,11000,1400,1400,67350,74.9237,Yes
3,5529,A-1,6773-81-1882,,5,,403300,0,0,0,0,29-5H-1,6773-71-6587,A-10,,5,B,779400,11000,1900,3230,157700,50.5107,No
2,5534,A-1,6773-70-2777,,5,A,2555300,8000,7419,11266.3,0,29-5E,6773-70-6927,A-10,,5,B,537900,11000,1524,2438.4,0,29.0997,No
2,5784,R-U,6782-01-4047,,2,,55000,0,0,0,0,29A-5-I-17,6782-01-3170,R-U,,79,,20000,0,0,0,0,0.533359,Yes
2,5863,R-U,6781-08-1150,,2,,25000,0,0,0,0,29A-7-P-23,6781-08-0262,R-U,,2,C,203600,11000,728,1568,0,2.67126,No
3,6211,A-1,6792-32-8122,,5,,170900,8000,0,0,0,30-17A,6792-42-1193,A-10,,2,B,401400,11000,1480.5,2368.8,0,22.3037,Yes
2,6229,A-1,6793-34-0767,,2,B,363200,8000,1902,2838,0,30-22,6793-24-8698,A-10,,2,C,380000,11000,1902,2838,0,8.3954,No
2,6242,A-1,6793-35-0713,,2,C,190900,8000,982,1604.6,0,30-24F,6793-25-7701,A-10,,2,C,208300,11000,982,1604.6,0,5.83162,No
12,6253,R-5,6793-71-7423,,5,,84900,0,0,0,10925,30-26,6793-70-1208,RR-5,,5,,52100,0,0,0,10925,80.3327,No
14,6258,R-5,6793-91-5479,,6,,1769600,0,0,0,0,30-27,6793-81-8330,RR-5,,6,,963400,0,0,0,0,167.83,No
2,6261,A-1,6792-99-0297,,5,B,553200,16000,2512,2512,22000,30-28A,6792-98-1707,A-10,,5,B,616100,11000,2160,2512,74750,32.1089,No
3,6262,A-1,6792-65-2321,,6,,1020000,0,0,0,114750,30-29,6792-65-2321,A-10,,6,,937700,0,0,0,105500,275.182,No
3,6265,A-1,6783-80-9840,,2,A,503600,8000,3115,4067,69300,30-2C,6783-90-5884,A-10,,2,B,507800,11000,3115,4067,111250,33.1159,No
2,6270,A-1,6782-89-3952,,2,,107000,0,0,0,0,29-36B,6782-89-3902,A-10,,5,,178600,0,0,0,0,11.935,Yes
2,6271,A-1,6783-80-7482,,2,C,422800,8000,1882,2486.8,70450,30-2A,6783-90-1370,A-10,,2,B,392500,11000,1041.3,2465.1,0,13.0559,No
3,6306,A-1,6782-82-6877,,2,,54100,0,0,0,0,30-4-3,6782-82-6659,A-10,,2,C,327800,11000,547,2348.8,0,3.57267,No
2,6568,A-1,7703-25-4849,,5,,215200,0,0,0,16150,31-1,7703-16-7075,A-10,,5,,358600,0,0,0,16150,61.7352,No
2,6601,R-R,7703-55-7175,,6,,758800,0,0,0,116700,31-2,7703-23-9749,A-10,,6,,784000,0,0,0,116700,309.101,No
17,6614,A-1,7712-09-1215,,6,,1870000,0,0,0,120225,31-25,7703-90-1572,RR-5,,5,,767900,0,0,0,0,276.271,Yes
2,6615,A-1,7702-63-6966,,6,,1200700,0,0,0,135100,31-25A,7702-77-4789,A-10,,2,,118500,0,0,0,4100,295.738,Yes
2,6623,R-R,7703-93-9270,,2,,152500,0,0,0,0,31-3-3,7703-93-9476,R-R,,2,,190000,0,0,0,0,14.5359,No
2,6634,R-5,7712-15-1412,,6,,1158000,0,0,0,0,31-36,7712-15-1412,A-10,,6,,865700,0,0,0,77900,192.5,No
3,6778,A-1,7712-37-1949,,2,D,67200,8000,965,965,0,32-15,7712-38-2264,A-10,,2,D,81200,11000,965,965,0,3.07053,No
2,6835,A-1,7712-57-7959,,2,C,86900,8000,920,920,0,32-34,7712-58-6071,A-10,,2,C,109200,11000,920,920,0,1.88878,No
2,6872,A-1,7712-45-9650,,2,C,307300,8000,1368,2250,0,32-4-15A,7712-45-9650,A-10,,2,C,359700,11000,1368,2250,0,15.9038,No
2,6878,A-1,7712-48-4829,,2,C,167200,8000,768,1228.8,0,32-4-1B,7712-48-5948,A-10,,2,C,168700,11000,768,768,0,2.76882,No
2,6881,A-1,7712-48-3382,,2,C,191800,8000,2223,2223,0,32-4-3,7712-48-3176,A-10,,2,C,215400,11000,2223,2223,0,5.17722,No
2,6906,R-R,7722-58-1920,,6,,836500,0,0,0,89050,32-1-3,7722-37-2173,R-R,,2,,135400,0,0,0,13900,224.628,Yes
2,6907,R-U,7722-36-5147,,2,,297100,0,0,0,0,32-B,7722-36-3099,VC-PD,,4,,330600,0,0,0,0,4.2476,Yes
12,6909,R-U,7722-26-4595,,4,,922000,0,0,0,0,32-C,7722-26-4511,VC-PD,,4,,1213200,0,0,0,0,25.0649,No
2,6916,A-1,7722-14-9182,,2,D,97300,8000,784,784,0,32-48,7722-14-8048,A-10,,2,D,140700,11000,844,844,0,1.60155,No
2,6935,R-U,7722-13-2934,,,,0,0,0,0,0,32-49,7722-14-3012,A-10,,2,E,139500,22000,688,1136,0,3.97183,Yes
2,6957,R-U,7712-80-8918,,79,,26200,0,0,0,0,32-57J,7712-80-8918,R-U,,79,,26000,0,0,0,0,5.51601,No
16,6960,R-U,7722-14-1737,,6,A,9434600,0,0,23129.2,0,32-50,7712-85-2591,R-U,,5,,255200,0,0,0,0,337.231,Yes
8,7311,R-U,7722-46-1113,,,,0,0,0,0,0,32D-1-3UNT1,7722-46-1129,VC-PD,,4,A,1145500,0,0,7527.4,0,7.84429,Yes
35,7326,R-5,5791-98-7137,,6,,1643500,0,0,0,0,34-13,5791-98-2269,RR-5,,6,,714000,0,0,0,0,360.436,No
2,7364,A-1,5791-68-9762,,5,C,449700,8000,1792,1792,102125,34-1-16A,5791-57-9832,A-10,,2,C,118500,11000,1012,1012,0,63.6482,Yes
2,7411,A-1,6701-51-4869,,5,C,630100,8000,1144,1924,80175,35-11,6701-25-0248,A-10,,5,,123900,0,0,0,29200,93.9563,No
2,7421,A-1,6700-66-6387,,2,,112000,0,0,0,0,35-16,6700-66-8203,A-10,,2,,94900,0,0,0,0,10.419,No
3,7422,A-1,6700-69-0915,,5,,253600,0,0,0,20300,35-17,6700-69-0915,A-10,,5,B,524700,11000,1428,2072,68400,39.1203,No
2,7460,A-1,6700-77-0457,,5,,188300,0,0,0,32800,35-24,6700-77-0457,A-10,,5,,180300,0,0,0,19775,27.1575,No
2,7476,A-1,6710-06-0708,,2,C,177200,8000,1045.8,1045.8,0,35-33A,6700-96-8759,A-10,,2,C,110400,11000,1056,1056,0,4.97869,No
5,7488,A-1,6701-58-3346,,6,C,801000,8000,1913,2724,98800,35-3A,6701-48-4303,A-10,,5,C,516500,11000,1913,2724,71000,123.856,Yes
2,7492,A-1,6701-62-3445,,6,,502000,0,0,0,71100,35-4,6701-64-8411,A-10,,6,,438000,0,0,0,71100,169.453,No
2,7499,A-1,6701-81-0405,,5,,200500,0,0,0,35300,35-46,6701-81-0405,A-10,,5,,200500,0,0,0,35200,92.6402,No
2,7509,A-1,6701-93-1978,,2,C,224100,8000,2152,2152,0,35-49D,6701-93-3997,A-10,,2,,23900,0,0,0,0,4.50025,No
2,7545,A-1,6711-35-6547,,2,C,159500,8000,1344,1344,0,35-54E,6711-35-9582,A-10,,2,C,155200,11000,1456,1456,0,5.8207,No
2,7573,A-1,6711-33-5801,,2,C,179200,8000,1188,1188,0,35-57SA,6711-33-2837,A-10,,2,C,158200,11000,1188,1188,0,11.0473,No
2,7623,A-1,6710-58-1190,,2,,35800,0,0,0,0,35A-1-E-13,6710-48-7254,A-10,,2,,4500,0,0,0,0,2.27874,No
2,7634,A-1,6710-47-6984,,2,,88800,0,0,0,0,35A-1-E-25,6710-48-1111,A-10,,2,,4500,0,0,0,0,12.7825,No
2,7748,A-1,6710-48-6935,,2,,4500,0,0,0,0,35A-2-H-12,6710-49-7174,A-10,,2,,4500,0,0,0,0,0.881525,No
2,7955,A-1,6721-00-9956,,2,,101500,0,0,0,0,36-35A,6721-11-1162,A-10,,2,C,232900,11000,1464,1464,0,13.0562,No
3,7965,A-1,6711-96-9764,,5,C,423300,8000,1165,2231,66950,36-3B,6711-96-6751,A-10,,2,C,363200,11000,1165,2231,0,33.5912,Yes
2,7968,A-1,6711-87-4570,,2,,122400,0,0,0,17775,36-3D-A,6711-87-7314,A-10,,2,C,449500,11000,2268,2268,57100,19.7808,No
2,7984,A-1,6711-77-7730,,2,,84800,0,0,0,0,36-3K,6711-68-9579,A-10,,5,C,301600,11000,1140,1500,0,37.8398,Yes
2,7993,A-1,6721-34-6808,,2,,125100,0,0,0,0,36-4-2,6721-34-6808,A-10,,2,B,378300,11000,1442,2537.2,0,12.3307,No
2,8001,A-1,6721-11-8403,,2,,108900,0,0,0,0,36-40A,6721-11-5384,A-10,,2,,67800,0,0,0,0,11.0845,No
3,8014,A-1,6721-21-8701,,2,,95000,0,0,0,0,36-46,6721-22-5061,A-10,,2,,99300,5000,0,0,0,22.5104,No
2,8019,A-1,6721-42-0781,,5,C,556500,8000,1934.5,1934.5,74150,36-53,6721-42-0781,A-10,,5,C,557600,11000,1934.5,1934.5,81200,77.077,No
2,8028,A-1,6721-45-6321,,5,C,443400,8000,1512,1512,69850,36-63,6721-45-6321,A-10,,2,C,301600,11000,1512,1512,0,59.0631,Yes
3,8054,A-1,6711-93-4901,,5,,121100,0,0,0,15600,36-6I,6711-84-9139,A-10,,2,,73500,0,0,0,0,47.2386,Yes
2,8062,A-1,6721-47-1972,,2,,56000,0,0,0,0,36-71B,6721-47-2952,A-10,,2,,47000,0,0,0,0,3.48925,No
2,8128,A-1,6721-53-9393,,2,C,147600,8000,1504,1504,0,36-95,6721-53-8374,A-10,,2,C,155200,11000,1504,1504,0,3.21758,No
2,8181,A-1,6731-55-8043,,2,,40600,8000,0,0,0,37-19G,6731-55-8147,A-10,,2,,48600,11000,0,0,0,2.67259,No
4,8214,A-1,6731-88-7248,,5,,367300,0,0,0,0,37-23C,6731-97-6531,A-10,,2,,69300,0,0,0,0,86.1553,Yes
3,8215,A-1,6731-99-2572,,5,,389200,0,0,0,0,37-23G,6741-08-2790,A-10,,2,,71200,0,0,0,0,119.016,Yes
2,8217,A-1,6731-94-0823,,2,C,165800,8000,1336,1336,0,37-24A,6731-94-1790,A-10,,2,C,180400,11000,1510.5,1510.5,0,4.07121,No
2,8302,R-5,6731-95-1076,,2,B,336200,8000,2462,3903.3,0,37-24B,6731-95-2011,A-10,,2,C,207700,11000,1336,1336,0,4.20909,No
2,8367,A-1,6741-13-1018,,2,,104900,0,0,0,12575,38-10A,6741-03-8213,A-10,,2,C,224200,11000,1104,2028,0,24.8398,No
2,8370,A-1,6741-31-0663,,2,,10500,0,0,0,0,38-13C,6741-21-9756,A-10,,2,,12000,0,0,0,0,6.86921,No
3,8383,A-1,6741-11-2071,,2,,86000,0,0,0,0,38-14H-A,6741-10-4701,A-10,,2,,56100,0,0,0,0,9.56107,No
2,8439,A-1,6741-31-0180,,2,,38500,0,0,0,0,38-14K,6741-30-0964,A-10,,2,C,166600,11000,1259,1259,0,9.00226,No
2,8440,A-1,6741-30-7773,,2,C,237200,8000,1696,2272,0,38-23,6741-30-9327,A-10,,2,C,272400,11000,1160,1856,0,11.3965,No
2,8467,A-1,6741-49-4661,,5,,125000,0,0,0,0,38-35,6741-49-4661,A-10,,2,,56000,0,0,0,0,26.7566,Yes
2,8472,A-1,6742-30-5444,,2,C,197500,8000,1094,2134,0,38-36,6742-30-5444,A-10,,5,,155900,0,0,0,10450,20.4726,Yes
2,8486,A-1,6742-60-6686,,5,,230000,0,0,0,0,26-56,6742-60-1623,A-10,,5,,191200,0,0,0,0,33.6723,No
3,8496,A-1,6741-99-1274,,5,,189000,0,0,0,0,38-47,6741-99-5603,A-10,,2,,36000,0,0,0,0,26.948,Yes
2,8497,A-1,6752-00-8280,,2,C,199400,6000,1966,2890,0,38-49,6752-10-3196,VC,,2,B,529700,9000,1966,2890,0,19.1382,No
81,8504,R-U,6751-19-1388,,5,,387500,0,0,0,0,38-50,6751-19-1314,R-U,RU/O,5,,244700,0,0,0,0,67.9774,No
3,8518,A-1,6751-26-1989,,5,C,526100,8000,1673,2658.8,110425,38-57,6751-16-9947,A-10,,5,C,500800,11000,1673,2658.8,0,45.399,No
2,8520,A-1,6741-17-8851,,5,,279900,0,0,0,22500,38-5A,6741-17-8851,A-10,,5,,324000,0,0,0,22500,58.9709,No
4,8579,A-1,6741-26-1801,,5,A,706000,8000,2194,3573.3,0,38-7A,6741-16-8701,A-10,,,,0,0,0,0,0,50.2915,Yes
2,8803,R-2,6750-39-2845,,2,C,279000,8000,2156,2156,0,38B-3-7,6751-30-2056,R-2,,2,B,319700,11000,1188,2400,0,5.8827,No
2,8885,R-2,6740-19-8922,,2,C,243700,8000,978,2349.4,0,38C-5-1,6741-20-7057,R-2,,2,C,275400,11000,1296,2014,0,3.98699,No
2,8910,R-2,6740-19-6338,,2,C,255100,8000,1344,2380,0,38C-7-55,6740-19-5177,R-2,,2,C,338600,11000,1488,2524,0,5.41667,No
2,9162,A-1,6761-01-7558,,5,C,450000,8000,1221,1221,70075,39-1-6A,6751-92-5028,A-10,,2,,67000,0,0,0,0,33.8218,Yes
2,9167,A-1,6751-90-8672,,2,C,213400,8000,1444,1444,58100,39-1-9,6751-90-4544,A-10,,2,C,196600,11000,1444,1444,0,11.4384,No
3,9219,A-1,6751-28-7169,,5,B,430200,8000,2624,2624,62450,39-2A,6751-37-0904,A-10,,2,C,467500,11000,2624,2624,0,22.0827,Yes
6,9305,A-1,6751-71-4372,,6,C,773800,8000,1178,1620,109400,39-47,6751-61-9249,A-10,,5,C,290500,11000,1178,1620,120150,139.948,Yes
9,9326,A-1,6750-87-3962,,5,,469400,0,0,0,39200,39-50T,6750-89-6323,A-10,,2,B,198400,11000,1400,2800,0,86.5463,Yes
2,9410,A-1,6751-99-9535,,2,C,116000,8000,1152,1152,57100,39-63A,6751-99-9535,A-10,A-10,2,,110800,11000,0,0,9900,9.00517,No
2,9424,A-1,6751-37-2557,,2,D,188900,8000,1300,2732,0,39-7,6751-37-3698,A-10,,2,C,463300,11000,2756,2756,0,9.23815,No
2,9479,A-1,6751-34-0668,,5,C,424300,8000,1140,1620,79100,39-9,6751-34-0668,A-10,,5,,334900,0,0,0,25650,55.8061,No
2,9678,R-C,6761-28-9621,,2,C,173400,8000,1236,1236,0,39-109,6761-29-3067,R-2,R-2,2,C,201000,11000,1307,1307,0,5.13999,No
2,9725,A-1,6705-65-1347,,2,C,270300,16000,1020,1020,89075,10-Apr,6705-64-3947,A-10,,2,C,216700,11000,1020,1020,53625,18.1677,No
2,9751,A-1,6705-82-3533,,5,,269400,0,0,0,24500,23-Apr,6705-92-1237,A-10,,5,C,429400,11000,2495,2495,129400,63.5399,No
3,9808,A-1,6705-66-5879,,5,,205400,0,0,0,0,4-4H-A,6705-66-7628,A-10,,2,,75500,0,0,0,0,30.5602,Yes
2,9814,A-1,6705-75-5593,,5,C,289500,8000,1568,1568,52650,4-5B,6705-75-3495,A-10,,2,C,204600,11000,1568,1568,0,22.2546,Yes
3,9851,A-1,6715-52-0267,,2,D,68700,8000,780,780,0,4-74A,6715-42-5464,A-10,,2,D,55000,11000,910,910,0,9.87381,No
2,9876,A-1,6761-77-3074,RC,5,,557200,0,0,0,0,40-11,6761-77-0051,A-10,A-10,5,C,513500,11000,2147,2147,82300,35.0664,No
2,9897,A-1,6761-85-4108,,2,C,93500,8000,960,960,0,40-17,6761-85-2201,A-10,,2,C,232700,11000,1472,1472,0,0.81796,No
3,9898,R-C,6761-78-8405,RC,2,C,182000,0,1350,1350,0,40-2,6761-78-5306,A-10,A-10,2,C,184300,11000,1350,1350,0,9.77195,No
4,9934,A-1,6760-89-9614,,5,C,453900,8000,1990,1990,71900,40-30A,6761-80-0100,A-10,,5,C,264000,11000,1990,1990,84900,39.0386,No
2,9954,A-1,--,,5,,247400,0,0,0,0,40-32,6761-92-2032,A-10,,2,C,447600,11000,3115,4339,0,41.3898,Yes
2,10056,R-C,6771-36-5783,RC,2,C,275600,0,1008,1512,0,40-58B,6771-36-7505,A-10,A-10,2,C,252600,11000,1568,1568,0,5.71107,No
3,10062,R-C,6761-49-7347,,4,,322900,0,0,0,0,40-6-1A1,6761-49-5449,CC,CC,4,,372100,0,0,0,0,4.44792,No
3,10102,A-1,6771-24-7663,,5,,349700,0,0,0,29400,40-67,6771-24-3834,A-10,,5,,281100,0,0,0,23500,67.5103,No
2,10134,A-1,6771-54-1463,,2,C,213600,8000,2214,2214,0,40-71A,6771-54-1463,A-10,,2,C,266600,11000,2214,2214,0,2.02885,No
3,10138,R-C,6771-55-4139,RC,2,C,377700,0,1516,1516,0,40-72,6771-55-4371,A-10,A-10,2,C,237200,11000,1516,1516,0,7.44838,No
2,10143,A-1,6771-54-5639,,2,,73300,0,0,0,0,40-74,6771-54-3478,A-10,,2,C,217800,11000,2072,2072,0,4.49928,No
2,10144,A-1,6771-54-5334,,2,C,145600,8000,1936,1936,0,40-74C,6771-54-5794,A-10,,2,C,315800,11000,1964,2216,0,2.50344,No
2,10145,A-1,6771-64-1492,,2,C,274100,8000,2488,2488,0,40-75,6771-64-3521,A-10,,2,C,350000,11000,2488,2488,0,6.87018,No
2,10248,R-U,6771-39-0515,,2,C,141800,8000,1419,1419,0,40A-2-A-D1,6771-39-0464,R-U,,2,D,150000,11000,1419,1419,0,5.18184,No
2,10360,R-C,6771-85-2267,RC,4,B,1560000,0,0,12558,0,41-12,6771-85-2147,CC,CC,4,B,1758600,0,0,11121,0,7.92794,No
2,10369,A-1,6771-74-5001,,2,C,287300,8000,1635,1635,56875,41-17A,6771-74-5001,A-10,A-10,2,C,302600,11000,1635,1635,0,9.32233,No
2,10374,A-1,6771-82-6573,,5,,506700,0,0,0,0,41-19B,6771-83-6329,A-10,A/CC,5,,458900,0,0,0,0,65.177,No
2,10375,C,6771-84-7572,RC,4,,188600,0,0,0,0,41-19C,6771-84-4536,CC,RC,4,B,449400,0,0,1632.5,0,1.27261,No
4,10414,A-1,6770-99-5842,,5,,280800,0,0,0,18050,41-32F,6770-99-8683,A-10,,2,,120900,0,0,0,9050,38.6827,Yes
4,10429,R-C,6771-74-3584,RC,4,,886400,0,0,0,0,41-4-1B,6771-74-5626,A-10,A-10,2,,106600,0,0,0,0,7.0665,Yes
4,10452,A-1,6781-55-9599,,6,D,1898700,16000,1320,2112,208200,41-104A,6781-56-5130,A-10,,2,,364800,0,0,0,0,357.625,Yes
4,10469,R-C,6781-03-0851,RC,2,B,722300,0,0,10412,0,41-51,6781-03-1713,CC,RC,4,B,353400,11000,0,10814,0,4.46267,Yes
2,10511,A-1,6781-05-3106,,2,C,205900,8000,1200,1392,0,41-6E,6781-05-2047,A-10,,2,C,219200,11000,1200,1392,0,3.40314,No
19,10536,R-U,6780-89-2563,,6,,1533800,0,0,0,0,41-78,6780-78-6115,R-U,,6,,902500,0,0,0,0,204.114,No
2,10542,A-1,6781-60-0388,,2,C,260300,8000,1343,2069,51650,41-81B,6781-60-1789,A-10,,2,C,339100,11000,1343,2391,69650,8.78168,No
2,10553,A-1,6781-71-0346,RC,2,,384000,0,0,0,0,41-82A,6781-61-9587,A-10,A-10,2,,95000,0,0,0,0,9.45544,No
3,10558,R-C,6781-61-4850,RC,2,,157500,0,0,0,0,41-83,6781-61-5960,A-10,A-10,2,C,184500,11000,475,1233.8,0,2.51293,No
2,10568,C,6781-72-7235,C,4,C,1562800,0,0,7905,0,41-86E,6781-72-7347,C,C,4,C,1266500,0,0,7905,0,8.49786,No
2,10590,A-1,6781-33-9935,,5,C,449700,16000,988,1976,122675,41-94A,6781-34-6461,A-10,,2,C,275600,11000,988,1976,74975,28.945,Yes
2,10867,R-5,6770-96-0880,,2,C,246800,8000,2066,2066,0,41E-2-13,6770-96-1902,RR-5,,2,C,320200,11000,1433.5,2399.5,0,5.89856,No
10,10897,A-1,6781-97-0132,,6,,902800,0,0,0,101575,42-1,6781-87-5116,A-10,,5,A,423300,11000,624,624,104600,240.508,Yes
2,10904,A-1,6790-09-9247,,5,C,437200,8000,1320,1320,93100,42-11,6790-09-9442,A-10,,5,C,432100,11000,1320,1320,113800,36.1843,No
9,10923,C,6791-30-9077,C,4,,1729700,0,0,0,0,42-18,6790-39-2457,C,C,4,,526600,0,0,0,0,26.5111,No
2,10933,R-C,6791-30-5366,RC,2,,428900,0,0,0,0,42-7-1,6791-30-4372,CC,CC,4,,1087300,0,0,0,0,3.94217,Yes
2,10939,A-1,6791-51-4225,,2,C,125500,8000,1125,1125,0,42-26B,6791-51-4362,A-10,,72,C,154700,11000,1125,1125,0,0.952728,Yes
2,10950,M,6791-31-7916,RC/A,2,,128200,0,0,0,0,42-26M1,6791-31-5688,CC-PD,RC/A,2,,168200,0,0,0,0,6.92663,No
2,10970,A-1,6791-58-9348,,6,,471600,0,0,0,53075,42-33,6791-66-3890,A-10,,2,C,556000,22000,3558.8,3558.8,196150,213.064,Yes
2,11017,A-1,6791-81-9628,,5,B,519900,8000,3231.5,3231.5,69500,42-47C,6791-81-9628,A-10,,5,B,599100,11000,3206,4129,86600,27.4827,No
2,11018,A-1,6791-83-8150,,2,C,321200,16000,1532.5,1532.5,98750,42-47A,6791-82-5880,A-10,,2,D,125100,11000,1024,2048,69750,20.6284,No
2,11037,A-1,6791-71-7781,,2,,87500,0,0,0,0,42-55A,6791-71-9524,A-10,,2,,92500,0,0,0,0,4.30102,No
2,11040,A-1,6791-61-2216,RC/A,2,,897300,0,0,0,383375,42-57,6791-61-2216,A-10,A-10,2,,89300,0,0,0,0,18.8707,No
2,11044,A-1,6791-61-8142,,2,B,312800,8000,1350,2238,0,42-57C,6791-60-2983,A-10,,2,,12800,0,0,0,0,11.332,No
3,11081,R-C,6791-60-3216,RC,4,,121900,0,0,0,0,42-68,6791-60-3265,A-10,A-10,2,,111000,11000,0,0,0,1.59998,Yes
2,11094,A-1,6790-68-8633,,2,C,208500,8000,920,1348.4,0,42-69I,6790-68-8763,A-10,A-10,2,C,255900,11000,1055,1483.4,0,11.4645,No
2,11105,A-1,6791-11-2992,RC,5,C,1155400,0,2124,2124,745400,42-7,6791-11-2992,A-10,A-10,5,C,501500,11000,2124,2124,184800,57.3515,No
2,11118,C,6781-92-4228,RC,4,,1586300,0,0,0,0,42-7A,6781-92-4228,C,RC,4,,1075500,0,0,0,0,35.696,No
2,11128,C,6781-91-2701,RC,4,C,655300,0,0,6208,0,42-9A,6781-91-1705,C,C,4,C,740600,0,0,6208,0,3.41618,No
2,11133,C,6791-02-1210,R/C,5,,2407300,0,0,0,0,42-9F,6791-02-0020,C,R/C,4,,592800,0,0,0,0,35.6482,Yes
2,11475,R-2,7701-10-3958,,2,B,270500,8000,1552,3088,0,43-1-B-6A,7701-11-3150,R-2,,2,B,367600,11000,1536,3088,0,5.32714,No
2,11511,A-1,7701-36-7345,,6,C,879400,8000,1832,1832,127900,43-10,7701-47-4233,A-10,,6,,674200,0,0,0,69000,159.374,No
2,11528,A-1,7701-25-0140,,2,,82800,0,0,0,0,43-16,7701-15-7122,A-10,,2,,108800,11000,0,0,0,9.00114,No
2,11577,R-C,7700-49-6104,RC,4,C,857600,0,0,4474,0,43-36A,7700-49-5154,CC,CC,4,C,578500,0,0,4474,0,2.55876,No
2,11590,A-1,7701-40-7877,,2,C,328700,8000,3292,3292,0,43-42B,7701-40-7877,A-10,,2,C,375900,11000,3292,3621.2,0,6.07222,No
20,11592,A-1,7702-50-6393,,6,,1840200,0,0,0,0,43-44,7702-50-6393,A-10,,6,,994300,0,0,0,0,431.234,No
2,11597,A-1,7702-80-2523,,2,,48500,0,0,0,0,43-50,7702-80-2745,A-10,,2,D,124500,11000,480,1280,0,23.615,No
2,11615,A-1,7711-03-2378,,2,,125600,8000,0,0,0,43-59,7711-03-2378,A-10,,2,,152800,11000,0,0,0,18.2502,No
3,11624,A-1,7700-59-6177,,5,,517100,0,0,0,0,43-64,7701-51-3809,A-10,,5,,124100,0,0,0,0,46.3577,No
10,11714,I-1,7700-28-3268,,4,B,1637200,0,0,0,0,43C-1-11,7700-28-3268,I-1,,4,,208600,0,0,0,0,4.27852,No
2,11717,I-1,7700-18-0840,,4,A,2788100,0,0,10080,0,43C-1-15,7700-08-7670,I-1,,4,A,1684100,0,0,10080,0,21.1436,No
3,11769,A-1,7711-35-7492,,2,,2000,0,0,0,0,44-10,7711-35-1896,A-10,,2,,4800,0,0,0,0,47.498,No
2,11811,A-1,7711-49-7128,,2,B,414400,8000,1498.5,3408.1,0,44-5C,7711-49-7128,A-10,,2,B,469300,11000,1498.5,3408.1,0,12.1612,No
2,11819,A-1,7711-68-1876,,2,,8600,0,0,0,0,44-5L1,7711-68-1876,A-10,,2,,11500,0,0,0,0,5.7387,No
2,11825,A-1,5699-17-8447,,2,,77000,0,0,0,0,45-1,5699-17-8447,A-10,,2,,46400,0,0,0,0,9.05576,No
2,11866,A-1,5699-27-6244,,2,,65000,0,0,0,0,46-11A,5699-27-8128,A-10,,2,,55600,0,0,0,0,6.92711,No
2,11867,A-1,5699-16-6186,,5,D,199500,8000,728,728,0,46-12,5699-16-6186,A-10,,5,D,210100,11000,728,728,0,24.0706,No
2,11882,A-1,5699-33-5862,,2,,77000,0,0,0,0,46-20C,5699-33-5862,A-10,,2,C,208900,11000,1620,1620,0,8.06019,No
2,11938,A-1,6700-22-4688,,6,C,635700,5500,1371,1371,85050,46-44,6700-22-4688,A-10,,5,C,618400,7000,1371,1371,88850,106.095,Yes
2,11949,A-1,6700-30-9549,,2,,104200,0,0,0,6125,46-50A,6700-31-8293,A-10,,2,C,166200,11000,1680,1680,0,14.5227,No
2,11973,A-1,5699-88-8311,,5,,181000,0,0,0,12400,46-57D,5699-88-8311,A-10,,5,,172200,0,0,0,11250,29.082,No
2,11981,A-1,5699-95-1981,,2,,113000,0,0,0,53200,46-25,5699-86-3481,A-10,,5,,105000,0,0,0,0,42.5477,Yes
2,12002,A-1,6609-25-2644,,5,,219400,0,0,0,0,46-65,6609-26-2021,A-10,,5,,166100,0,0,0,0,52.8122,No
9,12004,A-1,6609-45-3923,,6,,559900,0,0,0,46050,46-67,6609-44-0912,A-10,,2,C,426900,14500,1600,1600,0,93.2628,Yes
2,12037,A-1,5699-39-6063,,2,C,148600,8000,1792,1792,0,46-8,5699-39-8035,A-10,,2,C,162600,11000,1792,1792,0,7.65751,No
2,12042,A-1,5699-38-0938,,2,,62500,0,0,0,0,46-8E,5699-38-0938,A-10,,2,,59800,0,0,0,0,6.92004,No
3,12093,A-1,6700-61-6092,,5,,237400,0,0,0,104725,47-15,6700-51-7346,A-10,,2,,91900,0,0,0,15850,49.3424,Yes
2,12102,R-C,6700-40-7932,,2,C,193000,8000,1008,1008,0,47-17,6700-41-3352,CC,CC,4,C,215800,0,1008,1008,0,11.0018,Yes
2,12119,A-1,6700-54-0895,,6,C,688700,8000,676,2210,109275,47-2,6700-54-0895,A-10,,6,C,706300,11000,676,2210,102275,122.955,No
2,12154,A-1,6700-94-6617,,2,C,175100,8000,1400,1400,0,47-29A,6700-94-6617,A-10,,2,C,183800,11000,1400,1400,0,5.08429,No
2,12157,A-1,6700-85-8203,,2,,52000,0,0,0,0,47-29D,6700-85-8203,A-10,,2,,57000,0,0,0,0,3.19966,No
2,12172,A-1,6700-85-7409,,2,D,93500,8000,1430,1732.4,0,47-38,6700-85-7502,A-10,,2,D,110600,11000,816,816,0,0.558256,No
3,12186,A-1,6700-95-6708,,2,,75200,0,0,0,0,47-47A,6700-95-6897,A-10,,2,C,223100,11000,1380,1380,0,7.85849,No
4,12236,A-1,6710-34-3342,,5,C,400400,16000,1056,1824,96325,47-62A,6710-24-8651,A-10,,2,,81800,0,0,0,0,28.7754,Yes
4,12238,A-1,6710-56-8284,,5,D,179000,8000,1092,2064,0,36-21,6710-66-5273,A-10,,2,C,319700,11000,1683,1683,0,41.9328,Yes
2,12290,A-1,6730-82-6735,,5,,220000,0,0,0,0,49-12,6730-73-6091,A-10,,5,,192600,0,0,0,17325,55.1688,No
5,12302,A-1,6730-73-8954,,5,,299000,0,0,0,0,49-17,6730-93-4769,A-10,,5,C,288800,11000,1560,1560,0,57.4819,No
2,12304,A-1,6730-81-9862,,5,,212000,0,0,0,0,49-19,6730-81-8481,A-10,,2,C,348400,11000,1548,1548,0,36.2382,Yes
2,12320,A-1,6715-92-7955,,2,C,274700,8000,1887,1887,0,5-10B,6715-92-8991,A-10,,2,C,316800,11000,1887,1887,0,9.34194,No
2,12323,A-1,6715-51-7842,,2,C,223900,8000,1957.5,1957.5,0,Apr-76,6715-51-4811,A-10,,2,,65000,0,0,0,0,12.8021,No
2,12324,A-1,6725-02-5635,,2,,62900,0,0,0,0,5-31A,6725-02-7921,A-10,,2,,62900,0,0,0,0,5.49415,No
2,12325,A-1,6725-02-8593,,2,,61000,0,0,0,0,5-31B,6725-02-9321,A-10,,2,C,181300,11000,1300,1300,0,5.03147,No
2,12331,A-1,6725-01-1750,,2,E,135300,4500,490,980,0,May-33,6725-01-0823,A-10,,2,C,289000,11000,1838,1838,0,21.501,No
3,12338,A-1,6725-24-3428,,6,C,3365200,16000,1953,1953,596750,5-31E,6725-13-1358,A-10,,2,,2800,0,0,0,0,547.908,Yes
2,12359,A-1,6715-93-3000,,2,C,238400,8000,1516,1516,0,5-10A,6715-92-1442,A-10,,2,E,35000,0,690,690,0,14.5858,No
3,12375,A-1,6740-41-1202,,6,,835800,8000,0,0,203425,50-13,6740-30-2621,A-10,,6,B,564700,11000,1280,3264,223825,236.691,No
2,12378,A-1,--,,5,,414200,0,0,0,0,50-13C,6740-52-3726,A-10,,5,C,657500,11000,1720,2580,82050,92.3945,No
3,12422,A-1,6740-15-3819,,5,C,300300,8000,1548.5,1548.5,83200,50-2B,6740-05-3254,A-10,,2,,22700,0,0,0,0,27.7159,Yes
2,12452,AFD,6669-03-9506,,5,,154900,0,0,0,13950,51-14,6669-04-9112,A-10,,5,C,406900,11000,1157,2314,68450,22.3819,No
2,12471,AFD,6659-59-1377,,6,E,1595000,8000,968,968,404125,51-3,6659-39-1187,A-10,,6,,647800,0,0,0,0,844.405,No
2,12473,A-1,6760-10-5258,,5,C,442000,8000,972,972,78750,51-5,6760-10-5258,A-10,,5,C,380700,11000,972,972,85800,57.2376,No
2,12526,R-2,6750-42-0814,,2,C,290900,8000,1472,1952,0,51A-2-10,6750-42-0814,R-2,,2,C,349300,11000,1472,1952,0,4.15476,No
4,12602,A-1,6679-09-2980,,6,C,1243600,16000,1380,2070,196075,52-1,6679-09-2980,A-10,,6,C,1374400,22000,1380,2070,222900,251.177,No
2,12630,A-1,6679-01-8126,,6,C,1133100,8000,1200,2016,131825,52-15,6679-01-8126,A-10,,6,C,856500,11000,1200,2016,144825,167.473,No
3,12669,A-1,6669-99-7920,,2,C,327900,8000,900,1800,57075,52-21A,6669-99-7920,A-10,,2,C,423500,11000,1956,2856,0,8.22392,No
2,12670,A-1,6760-90-1482,,2,C,234000,8000,1710,1710,0,52-21B,6760-90-0478,A-10,,2,C,273400,11000,1679,1679,0,2.99078,No
2,12697,A-1,6770-54-2502,,2,C,306000,8000,2802,2802,0,52-30A,6770-54-2502,A-10,,2,C,294200,11000,2874,2874,0,13.5642,No
4,12727,A-1,6679-43-8188,,5,,437600,0,0,0,40800,52-1-6,6679-52-6809,A-10,,2,C,276400,11000,952,952,0,80.1306,Yes
2,12734,A-1,6679-34-8830,,76,B,468700,8000,0,4380,0,52-48,6679-34-7658,A-10,,2,,30000,0,0,0,0,5.16466,Yes
2,12802,R-2,6669-65-6145,,2,C,341200,8000,1350,3370,0,52A-1-A-16,6669-65-7145,R-2,,2,C,344000,11000,1350,3370,0,4.387,No
2,12867,R-U,6770-31-2566,,2,C,148600,8000,1269,1269,0,52A2-1-B-12,6770-31-2566,R-U,,2,C,200900,11000,1269,1269,0,2.41861,No
2,12921,R-U,6770-30-7305,,2,C,145700,8000,738,1098,0,52A2-4-K-4,6770-30-7305,R-U,,2,C,169600,11000,738,1098,0,2.11825,No
2,13252,A-1,6689-84-4795,,2,,106200,0,0,0,0,53-102A,6689-84-4795,A-10,,2,C,296100,11000,1743,1743,0,9.59197,No
2,13254,A-1,6689-47-7834,,2,,128800,0,0,0,0,53-104A,6689-48-8244,A-10,,2,B,360200,11000,552,2551,0,17.9381,No
2,13272,A-1,6679-84-3852,,2,D,80100,8000,1712,1712,0,53-17,6679-84-3793,A-10,,2,E,92900,11000,1712,1712,0,14.157,No
3,13282,A-1,6770-75-0252,,5,,308800,8000,0,0,70950,53-2C,6770-75-3307,A-10,,2,B,650900,11000,1865,2853.5,0,31.4511,Yes
2,13329,A-1,6689-36-2733,,5,,231000,0,0,0,0,53-38F,6689-36-2733,A-10,,5,,271200,11000,0,0,0,42.1633,No
2,13354,A-1,6689-39-5197,,6,C,825700,8000,1920,1920,126100,53-43,6689-39-5197,A-10,,6,D,779500,11000,1920,1920,136425,139.345,No
2,13377,A-1,6780-31-5011,,2,C,187000,8000,960,960,0,53-57,6780-31-5011,A-10,,2,C,186100,11000,960,960,0,24.1079,No
2,13407,A-1,6780-42-3057,,2,C,181700,8000,1275,1275,0,53-68,6780-41-3916,A-10,,2,D,134600,11000,912,912,0,4.26342,No
2,13409,A-1,6780-15-2612,,2,,47200,0,0,0,0,53-6B,6780-15-1651,A-10,,2,,56900,0,0,0,0,1.81509,No
2,13437,A-1,6780-33-7681,,5,C,364600,8000,1566,2488.2,63400,53-74,6780-33-2712,A-10,,5,C,344200,11000,1566,2488.2,75000,22.6141,No
2,13445,A-1,6780-23-8867,,2,,89700,0,0,0,3150,53-75D,6780-23-6618,A-10,,2,C,367800,11000,1984,1984,0,7.6235,No
2,13456,A-1,6780-44-6832,,5,C,309900,8000,1450,1450,63750,53-78A,6780-44-6832,A-10,,2,A,762100,11000,1892,3692,74500,27.5597,Yes
2,13457,A-1,6780-46-2180,,6,C,800200,8000,1503,1551,102500,53-79,6780-46-2180,A-10,,5,D,728100,11000,1503,1551,111600,124.322,Yes
2,13477,A-1,6780-52-6236,,5,C,283400,8000,832,1952,0,53-89,6780-52-6236,A-10,,2,B,316100,11000,832,1952,0,10.2095,Yes
2,13484,A-1,6780-51-7535,,2,,87000,0,0,0,0,53-89H,6780-51-7535,A-10,,2,,85000,0,0,0,0,8.82567,No
2,13512,A-1,6689-68-2115,,2,,94100,0,0,0,0,53-97,6689-68-4271,A-10,,2,C,259400,11000,1920,1920,0,10.9119,No
2,13514,A-1,6689-68-8047,,2,,141100,0,0,0,0,53-98,6689-68-7081,A-10,,2,B,513000,11000,1992,2888.8,0,18.2232,No
2,13516,A-1,6689-77-7823,,2,,111000,0,0,0,0,53-98C-A,6689-77-8734,A-10,,2,C,359100,11000,2198,2198,0,11.4186,No
2,13899,I-2,6699-07-6416,,2,,210300,0,0,0,0,54-29,6699-07-6416,I-2,,4,D,207400,0,0,1564,0,6.76793,Yes
2,13908,A-1,6790-83-3872,,2,,108000,0,0,0,4500,54-3-H,6790-83-3567,A-10,,2,,100000,0,0,0,4500,14.2894,No
2,13914,A-1,6790-85-6980,,2,,105800,0,0,0,5000,54-3-N,6790-85-7860,A-10,,2,,94500,0,0,0,4000,9.70427,No
2,13923,A-1,6689-97-9796,,2,C,135600,8000,1056,1056,0,54-34A,6699-07-0864,A-10,,2,C,130900,11000,1056,1056,0,6.23064,No
2,13949,A-1,6790-10-4909,,2,C,219900,8000,1323,1323,0,54-4-7,6790-11-2137,A-10,,2,C,237900,11000,2184,2184,0,4.15494,No
3,13953,A-1,6699-16-5722,,2,,112300,0,0,0,0,54-40,6699-16-3569,A-10,,2,,102200,0,0,0,0,16.0317,No
5,14129,A-1,5698-96-2057,,6,D,554900,8000,750,750,96125,57-10A,5698-88-3688,A-10,,5,C,312400,11000,1455,1455,68950,149.26,Yes
2,14156,A-1,6677-07-0987,,2,C,283700,8000,1500,1500,47950,60-10,6677-09-0279,A-10,,5,,202300,0,0,0,77000,91.3584,Yes
2,14177,A-1,6678-40-5236,,2,C,250600,8000,1605,1605,0,60-18A,6678-40-4359,A-10,,2,,84200,0,0,0,0,9.59814,No
2,14275,A-1,6677-79-9501,,2,,80000,0,0,0,0,60-18C,6678-60-8473,A-10,,2,C,221500,5500,1232,1232,57900,32.3433,No
3,14294,A-1,6678-73-8333,,2,C,172200,8000,790,790,0,61-14,6678-83-1372,A-10,,2,D,104600,11000,800,800,0,12.5919,No
2,14329,A-1,6677-99-6638,,5,C,277200,8000,1530,2295,0,61-27,6678-92-3099,A-10,,6,C,714500,11000,1566,1566,129000,53.2867,Yes
2,14342,A-1,6688-21-2274,,2,B,313800,8000,2284,2284,0,61-32A,6688-21-2274,A-10,,2,C,370900,11000,2284,2284,0,9.27785,No
2,14347,A-1,6688-02-5369,,2,,53000,0,0,0,0,61-36B,6688-02-4546,A-10,,2,C,314000,11000,908,2246,0,3.39746,No
2,14361,A-1,6678-89-0589,,6,C,1063900,8000,1462,1462,150050,61-4,6678-89-0589,A-10,,6,C,1017600,11000,1462,1462,162150,207.884,No
3,14367,A-1,6688-16-2299,,5,C,456500,8000,2312,2312,67500,61-41,6688-06-7571,A-10,,2,C,389600,11000,2312,2312,70050,34.6977,Yes
4,14371,A-1,6688-27-4775,,5,C,1066200,8000,1489,2329,138650,61-43,6688-27-4775,A-10,,6,C,987000,11000,1489,2329,151650,188.527,Yes
2,14421,R-2,6678-97-0302,,2,C,297400,8000,1705,2324.6,0,61A-2-28A,6678-87-8258,R-2,,2,C,338500,11000,1705,2324.6,0,7.55749,No
2,14457,AFD,6746-42-4490,,6,C,2792600,13500,2392,2980.8,412075,1-Jul,6746-53-2564,A-10,,6,C,2645700,18000,1792,2800.8,434350,519.661,No
7,14470,A-1,6755-03-9952,,5,D,329300,0,740,1320,73150,17-Jul,6755-03-9952,A-10,,5,D,331800,0,740,1320,84175,94.3589,No
3,14488,A-1,6755-12-5769,,2,C,229300,8000,1116,1548,0,20-Jul,6755-12-5769,A-10,,2,C,278200,11000,1116,1548,0,30.8223,No
2,14496,A-1,6755-15-7307,,5,,255100,0,0,0,0,7-21F,6755-15-5156,A-10,,5,B,672500,11000,2604.5,2604.5,0,46.7128,No
2,14514,A-1,6756-02-9106,,5,C,502800,8000,1248,2611.2,0,7-33A,6756-02-9106,A-10,,5,C,522200,11000,1458,3450,0,37.6838,No
2,14519,A-1,6745-54-8408,,6,,1052000,0,0,0,86150,7-4A,6745-54-8408,A-10,,6,,1247400,0,0,0,86150,188.942,No
3,14522,A-1,6744-89-9644,,6,,897100,0,0,0,126025,15-54,6755-10-2735,A-10,,5,C,432000,11000,2466,2466,60450,263.029,Yes
3,14542,A-1,6756-91-5380,,5,,151300,0,0,0,0,8-101A,6756-91-6632,A-10,,2,,174100,0,0,0,0,19.5513,Yes
5,14551,A-1,6755-93-1556,,5,,132000,0,0,0,0,8/11/2001,6755-94-6259,A-10,,2,C,279900,11000,1816,1816,0,30.977,Yes
9,14552,A-1,6755-84-6881,,5,,292000,0,0,0,0,8/10/2001,6755-84-5971,A-10,,2,B,329400,11000,1692,1829,0,61.5876,Yes
11,14555,R-5,6755-82-1624,,5,,274200,0,0,0,0,16C-2-12,6755-82-7765,RR-5,,2,B,637700,11000,1898,3909.8,0,62.0276,Yes
20,14556,R-5,6765-03-1321,,6,C,897800,8000,2048,2624,0,16-71,6765-11-5546,RR-5,,79,,61000,0,0,0,0,90.02,Yes
2,14567,A-1,6765-04-9565,,2,C,324400,8000,1368,2560,0,8-115D,6765-04-9565,A-10,,2,C,363600,11000,1144,2112,0,7.4644,No
2,14675,A-1,6755-34-2051,,2,,45800,0,0,0,0,Aug-55,6755-33-0892,A-10,,2,,45800,0,0,0,0,24.4051,No
2,14726,A-1,6755-65-5517,,2,D,68600,8000,942,942,0,Aug-68,6755-65-6753,A-10,,2,,18800,0,0,0,0,7.32214,No
2,14745,A-1,6755-75-8728,,5,,161600,0,0,0,0,Aug-71,6755-75-8840,A-10,,2,C,134700,11000,1248,1248,0,26.3533,Yes
2,14748,A-1,6755-65-4978,,2,C,220800,8000,1450,1450,0,Aug-70,6755-65-2699,A-10,,2,C,148800,11000,1394,1394,0,7.36736,No
3,14758,A-1,6756-52-4296,,5,,388200,0,0,0,38475,8-Aug,6756-52-4296,A-10,,5,,269600,0,0,0,38475,68.3082,No
2,14789,A-1,6755-67-4786,,2,,75000,0,0,0,0,8/9/2010,6755-67-0742,A-10,,2,B,309200,11000,1384,2043,0,12.6857,No
2,14794,A-1,6755-67-3261,,2,,56600,0,0,0,0,8-76A,6755-67-1072,A-10,,76,B,484000,0,0,6058,0,5.81203,Yes
2,14814,A-1,6775-62-8425,,72,,47813900,0,0,0,0,17-2A,6765-50-8111,A-10,,76,,7000,0,0,0,0,2656.83,Yes
4,14816,A-1,5790-34-4127,,,,0,0,0,0,0,5-Nov,6704-15-2781,A-10,,5,,82500,0,0,0,0,841.929,Yes
2,14817,R-2,6780-93-7549,,,,0,0,0,0,0,54-7A,6780-93-7549,R-2,,76,,100,0,0,0,0,0.585326,Yes
